<?xml version="1.0" encoding="UTF-8" ?>
<!DOCTYPE struts PUBLIC
	"-//Apache Software Foundation//DTD Struts Configuration 2.0//EN"
	"http://struts.apache.org/dtds/struts-2.0.dtd">
<struts>
	
	<!-- 用户登录后的包 -->
	<package name="loginPackage" extends="base">
		<interceptors>
			<interceptor-stack name="userLoginStack">
				<interceptor-ref name="defaultStack" />
			</interceptor-stack>
		</interceptors>
		<default-interceptor-ref name="userLoginStack" />
	</package>
	
	<!-- Struts2配置文件分模块引用 -->
	<include file="struts/struts-user.xml" />
</struts>